USE DB_try;
GO

-- Роли
INSERT INTO roles (name) VALUES
(N'Преподаватель'),
(N'Студент'),
(N'Деканат'),
(N'Системный администратор');

-- Факультеты
INSERT INTO faculty (name) VALUES
(N'Факультет информационных технологий'),
(N'Факультет экономики и управления');

-- Направления
INSERT INTO directions (faculty_id, name) VALUES
(1, N'Программная инженерия'),
(1, N'Прикладная информатика'),
(2, N'Экономика'),
(2, N'Менеджмент');

-- Группы
INSERT INTO groups (direction_id, name) VALUES
(1, N'ПИ-21'),
(1, N'ПИ-22'),
(2, N'ПИН-21'),
(3, N'ЭК-21'),
(4, N'МН-21');

-- Пользователи
INSERT INTO users (fio, role_id, login, password, email, phone) VALUES
(N'Иванов Иван Иванович', 1, N'ivanov', N'pass123', N'ivanov@uni.ru', N'89001234567'),
(N'Петров Петр Петрович', 1, N'petrov', N'pass123', N'petrov@uni.ru', N'89007654321'),
(N'Сидорова Анна Владимировна', 1, N'sidorova', N'pass123', N'sidorova@uni.ru', N'89005551212'),
(N'Смирнова Ольга Викторовна', 3, N'dekanat', N'admin', N'dekanat@uni.ru', N'89001112233'),
(N'Кузнецов Алексей Борисович', 4, N'admin', N'admin', N'admin@uni.ru', N'89004445566'),
(N'Соколов Дмитрий', 2, N'sokolov', N'student', N'sokolov@student.uni.ru', NULL),
(N'Федорова Екатерина', 2, N'fedorova', N'student', N'fedorova@student.uni.ru', NULL),
(N'Морозов Артем', 2, N'morozov', N'student', N'morozov@student.uni.ru', N'89006667788'),
(N'Васильева Мария', 2, N'vasileva', N'student', NULL, NULL),
(N'Новиков Илья', 2, N'novikov', N'student', N'novikov@student.uni.ru', NULL),
(N'Павлова Анастасия', 2, N'pavlova', N'student', N'pavlova@student.uni.ru', N'89003334455'),
(N'Григорьев Максим', 2, N'grigoriev', N'student', N'grigoriev@student.uni.ru', NULL),
(N'Романова Дарья', 2, N'romanova', N'student', NULL, N'89007778899'),
(N'Захаров Кирилл', 2, N'zaharov', N'student', N'zaharov@student.uni.ru', NULL),
(N'Борисова Юлия', 2, N'borisova', N'student', N'borisova@student.uni.ru', N'89009998877');

-- Связь студентов с группами
INSERT INTO student_groups (student_id, group_id) VALUES
(6, 1), (7, 1), (8, 2), (9, 2), (10, 3), (11, 3),
(12, 4), (13, 4), (14, 5), (15, 5);

-- Новости
INSERT INTO news (user_id, news_title, news_text) VALUES
(1, N'Изменения в расписании', N'Внимание! Лекция по математике в пятницу переносится на субботу.'),
(4, N'Приказ о стипендии', N'Назначена стипендия студентам за отличную учёбу.'),
(3, N'Важно! Зачетная неделя', N'Приближается зачетная неделя, просьба сдать все задолженности.');

-- Типы пар
INSERT INTO descriptions (name) VALUES
(N'Лекция'),
(N'Лабораторная'),
(N'Практика');

-- Предметы
INSERT INTO subjects (name) VALUES
(N'Математика'),
(N'Программирование'),
(N'Базы данных'),
(N'Физика'),
(N'Экономическая теория'),
(N'Менеджмент');

-- Связь преподавателей с предметами
INSERT INTO teacher_subjects (teacher_id, subject_id) VALUES
(1, 1), (1, 2), (2, 3), (2, 4), (3, 5), (3, 6);

-- Аудитории
INSERT INTO classrooms (name) VALUES
(N'Аудитория 101'),
(N'Лаборатория 202'),
(N'Аудитория 305'),
(N'Лекционный зал 1'),
(N'Компьютерный класс 404');

-- Время пар
INSERT INTO lesson_times (lesson_number, time_start, time_end) VALUES
(1, '08:30', '10:00'),
(2, '10:10', '11:40'),
(3, '12:00', '13:30'),
(4, '13:45', '15:15'),
(5, '15:30', '17:00'),
(6, '17:10', '18:40');

-- Расписание
INSERT INTO schedule (group_id, subject_id, teacher_id, classroom_id, day_of_week, time_slot_id, week_type, description_id) VALUES
(1, 1, 1, 1, N'Понедельник', 1, N'Общая', 1),
(1, 2, 1, 5, N'Понедельник', 2, N'Общая', 2),
(1, 3, 2, 3, N'Вторник', 3, N'Общая', 1),
(1, 4, 2, 2, N'Среда', 4, N'Общая', 2),
(1, 1, 1, 1, N'Четверг', 1, N'Общая', 3),
(1, 2, 1, 5, N'Пятница', 2, N'Общая', 2),
(2, 1, 1, 1, N'Вторник', 1, N'Общая', 1),
(2, 2, 1, 5, N'Вторник', 2, N'Общая', 2),
(2, 3, 2, 3, N'Среда', 3, N'Общая', 1),
(2, 4, 2, 2, N'Четверг', 4, N'Общая', 2),
(2, 1, 1, 1, N'Пятница', 1, N'Общая', 3),
(2, 2, 1, 5, N'Пятница', 2, N'Общая', 2),
(3, 1, 1, 1, N'Понедельник', 3, N'Общая', 1),
(3, 2, 1, 5, N'Понедельник', 4, N'Общая', 2),
(3, 3, 2, 3, N'Среда', 1, N'Общая', 1),
(3, 4, 2, 2, N'Среда', 2, N'Общая', 2),
(3, 1, 1, 1, N'Четверг', 2, N'Общая', 3),
(3, 2, 1, 5, N'Пятница', 3, N'Общая', 2),
(4, 5, 3, 4, N'Понедельник', 1, N'Общая', 1),
(4, 6, 3, 3, N'Понедельник', 2, N'Общая', 3),
(4, 5, 3, 4, N'Среда', 3, N'Общая', 3),
(4, 6, 3, 3, N'Среда', 4, N'Общая', 1),
(4, 5, 3, 4, N'Пятница', 1, N'Общая', 3),
(5, 5, 3, 4, N'Вторник', 3, N'Общая', 1),
(5, 6, 3, 3, N'Вторник', 4, N'Общая', 3),
(5, 5, 3, 4, N'Четверг', 1, N'Общая', 3),
(5, 6, 3, 3, N'Четверг', 2, N'Общая', 1),
(5, 6, 3, 3, N'Пятница', 2, N'Общая', 2);

-- Журнал
INSERT INTO journal (schedule_id, student_id, lesson_date, grade, attendance) VALUES
(1, 6, '2026-07-06', 5, N'Присутствует'),
(1, 7, '2026-07-06', 4, N'Присутствует'),
(2, 6, '2026-07-06', 5, N'Присутствует'),
(2, 7, '2026-07-06', NULL, N'Отсутствует'),
(7, 8, '2026-07-07', 3, N'Присутствует'),
(7, 9, '2026-07-07', 4, N'Присутствует'),
(19, 12, '2026-07-06', NULL, N'Болеет'),
(19, 13, '2026-07-06', 4, N'Присутствует'),
(24, 14, '2026-07-07', NULL, N'Отсутствует'),
(24, 15, '2026-07-07', 5, N'Присутствует');
GO